id	speaker	n_frames	tgt_text	unit
librilm-9899	librilm	323	<SIL> AH B EH T R OW TH AH L <SIL> AH W EH D IH NG AO R <SIL> AH K R IH S AH N IH NG <SIL> AO R DH AH M IH R P R AA K S IH M AH T IY AH V AH G IH T AA R IH Z S AH F IH SH AH N T AH K EY ZH AH N AH N D IH F DH AH AH K EY ZH AH N <SIL> L AE K S S EH N D <SIL> F AO R DH AH <SIL> G IH T AA R AH N D D AE N S EH N IY W EY <SIL>	0
librilm-9900	librilm	449	<SIL> AH B EH T R OW TH AH L B R OW K AH N AO F W AA Z <SIL> AH TH IH NG DH AE T HH AE D HH AE P AH N D <SIL> B IH F AO R AH N D M AY T HH AE P AH N AH G EH N IH T <SIL> W AA Z <SIL> AH T R AY F AH L IY V IH N AH M IH R <SIL> N AH TH IH NG IH F OW N L IY HH AH N ER W ER AH N T AH CH T B AY <SIL> IH T IH F OW N L IY <SIL> AA T AH M AA R K UH D S T EY K <SIL> HH IH Z <SIL> L AY F AH P AA N HH IH Z <SIL> AH N IH M P IY CH AH B AH L HH AH N ER <SIL>	0
librilm-9901	librilm	211	<SIL> AH B EH T R OW TH AH L S EH R AH M OW N IY AH K AO R D IH NG L IY IH Z DH AH <SIL> IH M IY D IY AH T AH K EY ZH AH N AH V DH AH K AH M IH NG T AH G EH DH ER AH V AW ER <SIL> AH K W EY N T AH N S IH Z <SIL>	0
librilm-9902	librilm	45	<SIL> AH B EH T R OW TH AH L <SIL> D EY <SIL>	0
librilm-9903	librilm	141	<SIL> AH B EH T R OW TH AH L HH IY R <SIL> IH Z AO L M OW S T AE Z B AY N D IH NG AH N D K W AY T AE Z S AA L AH M AE Z AH M EH R IH JH <SIL>	0
librilm-9904	librilm	59	<SIL> AH B EH T R OW TH AH L <SIL> IH Z S EY K R AH D <SIL>	0
librilm-9905	librilm	79	<SIL> AH B EH T R OW TH AH L IH Z <SIL> S AH M TH IH NG HH EH V AH N L IY <SIL>	0
librilm-9906	librilm	225	<SIL> AH <SIL> B EH T R OW TH AH L R IH NG W AA Z <SIL> P ER CH AH S T AH N D DH EH N HH ER K AA N SH AH N S B IY IH NG AH P IY Z D SH IY <SIL> G EY V HH ER S EH L F K AH M P L IY T L IY <SIL> T UW <SIL> HH ER L AH V ER <SIL>	0
librilm-9907	librilm	288	<SIL> AH B EH T R OW TH AH L T UH K <SIL> P L EY S AO L <SIL> W AA Z HH AA R M AH N IY AH N D F AO R <SIL> AH <SIL> T AY M N OW M AO R W AA Z S EH D AH V D IH S IH N ER SH IH T IH NG <SIL> M AE D AH M D IY <SIL> L AA <SIL> P EH L T R IY AO R P AH T IH NG HH ER IH N W AO R D SH IH P <SIL>	0
librilm-9908	librilm	139	<SIL> AH <SIL> B EH T R OW TH AH L W IY HH AE V B IH N T UW AH B AO L AH V W IH CH AY M AH S T G IH V Y UW AH D IH S K R IH P SH AH N <SIL>	0
librilm-9909	librilm	491	<SIL> AH <SIL> B EH T R OW TH AH L <SIL> W IH CH HH AE D <SIL> T EY K AH N P L EY S AA N DH AH <SIL> P R IY V IY AH S IY V N IH NG G EY V K AA Z F AO R P L EH N T AH F AH L SH R AH G IH NG AH V SH OW L D ER Z B IH K AO Z <SIL> DH AH <SIL> JH EH N T AH L M AH N AE Z Y EH T HH EH L D N OW <SIL> R IH S P EH K T AH B AH L P AH Z IH SH AH N IH N L AY F AH N D DH AH F IY AE N S IY AE Z S EH V R AH L F IY M EY L <SIL> F R EH N D Z AH S ER T AH D AH V EH R IY <SIL> AH N S ER T AH N W AH N <SIL>	0
librilm-9910	librilm	269	<SIL> AH B EH T R OW TH AH L <SIL> W IH TH AW T AH N D IY V IH N <SIL> AH G EH N S T DH AH K AH N S EH N T AH V P EH R AH N T S W AA Z S AH M TH IH NG K W AY T AW T S AY D AH V DH AH <SIL> Y AH NG <SIL> L EY D IY Z P AW ER AH V <SIL> K AA M P R IY HH EH N SH AH N <SIL>	0
librilm-9911	librilm	29	<SIL> AH B EH T R AH TH <SIL>	0
librilm-9912	librilm	127	<SIL> AH <SIL> B EH T R AH TH B R AY D AO T T UW B IY HH AE P IY Y UW <SIL> AA R AO L W EY Z <SIL> T EH L IH NG M IY S OW <SIL>	0
librilm-9913	librilm	108	<SIL> AH <SIL> B EH T R AH TH <SIL> G ER L <SIL> IH Z W AH N TH IH NG AH W AY F K W AY T AH N AH DH ER <SIL>	0
librilm-9914	librilm	168	<SIL> AH B EH T R AH TH L AH V ER K AE N AA T T AA L ER EY T EH N IY <SIL> AH S P ER ZH AH N K AE S T AH P AA N <SIL> DH AH F EH R S EH K S S EH D JH AO R JH AH Z <SIL>	0
librilm-9915	librilm	61	<SIL> AH B EH T R AH TH <SIL> L AH V ER Z F EH R W EH L <SIL>	0
librilm-9916	librilm	335	<SIL> AH B EH T R AH TH Y AH NG <SIL> M AE N <SIL> AO R HH IH Z F IY M EY L R EH L AH T IH V Z <SIL> AH S IH S T IH NG <SIL> HH IH M <SIL> W AA Z AH K AH S T AH M D T UW M EY K AH <SIL> P R EH Z AH N T AH V W AH N <SIL> AO R M AO R P EH T IY K OW T S T UW HH IH Z S W IY T HH AA R T <SIL> T UW IH N K R IY S HH ER W AO R D R OW B <SIL>	0
librilm-9917	librilm	24	<SIL> AH B EH T ER <SIL>	0
librilm-9918	librilm	182	<SIL> AH B EH T ER AH F AY N ER <SIL> AH <SIL> N OW B L ER F EH L OW DH AE N HH IY <SIL> N EH V ER L AY V D AH N D DH AE T S W AH T AY W AA N T Y UW <SIL> F EH L OW Z T UW N OW <SIL>	0
librilm-9919	librilm	254	<SIL> AH B EH T ER AH K AW N T AH V AH <SIL> M IH L AH T EH R IY AE K SH AH N DH AE N <SIL> DH AE T W IH CH <SIL> S M OW L IH T G IH V Z <SIL> AH V DH AH B AE T AH L <SIL> AH V DH AH B OY N <SIL> IH T W UH D <SIL> B IY HH AA R D <SIL> T UW F AY N D <SIL>	0
librilm-9920	librilm	117	<SIL> AH B EH T ER AH K AW N T AH V <SIL> DH AH SH UH G ER DH AE N <SIL> AY K UH D HH AE V IH K S P EH K T AH D <SIL>	0
librilm-9921	librilm	135	<SIL> AH B EH T ER AH K AW N T <SIL> AH V DH IH S IH N S AH D AH N T W AA Z W AY D L IY P R IH N T AH D <SIL> AE T DH AE T T AY M <SIL>	0
librilm-9922	librilm	251	<SIL> AH B EH T ER AH K AW N T T UW DH AE N DH AH N UW Z P EY P ER W AH N F UH L ER IH G Z AE K T ER <SIL> M AO R D IH T EY L D <SIL> B AE K T AH P B AY F IH G Y ER Z D AW N TH R IY L AO NG SH IY T S AH N D HH AE F W EY <SIL> D AW N AH F AO R TH <SIL>	0
librilm-9923	librilm	84	<SIL> AH B EH T ER AH K W EY N T AH N S W IH L S UW N D IH S K AH V ER DH IH S <SIL>	0
librilm-9924	librilm	258	<SIL> AH B EH T ER <SIL> AH K W EY N T AH N S W IH DH <SIL> DH AH AA P ER EY SH AH N N OW N T UW <SIL> M AA D ER N Z <SIL> AE Z S P AY K IH NG AH P IY S <SIL> W UH D <SIL> HH AE V EH N EY B AH L D HH IH M T UW M EY K DH AH B L OW IH R EH P ER AH B AH L <SIL>	0
librilm-9925	librilm	595	<SIL> AH B EH T ER AH K W EY N T AH N S <SIL> W IH DH DH IH S L AE N D AH V <SIL> F R IY D AH M W IH L SH OW Y UW <SIL> DH AE T F AH D EH L AH T IY AH N D HH AH N ER B IH T W IY N HH AH Z B AH N D AH N D W AY F <SIL> AA R <SIL> HH IY R N OW <SIL> R EH R IH K S EH P SH AH N Z B AH T DH AH Y UW N AH V ER S AH L R UW L B AH T Y UW <SIL> M AH S T <SIL> N OW <SIL> AE T <SIL> W AH N S DH AE T W IY D UW N AA T DH EH R F AO R EH K S ER S AY Z EH N IY S UW P ER HH Y UW M AH N V ER CH UW B AH T S IH M P L IY AE K T IH N K AH N F AO R M AH T IY W IH DH DH AH R IY L N EY CH ER <SIL> AH V M AE N <SIL>	0
librilm-9926	librilm	176	<SIL> AH B EH T ER AE D M AY R ER DH AE N <SIL> M IY SH IY <SIL> W IH L N AA T F AY N D <SIL> IH N HH ER T AW N K AW N S AH L <SIL> N AO R IH N HH AY ER S AH S AY AH T IY <SIL>	0
librilm-9927	librilm	143	<SIL> AH B EH T ER AH D V ER T AH Z M AH N T DH AE N DH AH <SIL> K AO R N EH T S OW L OW K UH D N AA T HH AE V B IH N <SIL> D IH V AY Z D <SIL>	0
librilm-9928	librilm	213	<SIL> AH B EH T ER <SIL> AO L R AW N D <SIL> M AE N DH AE N S IY S AH L AY SH UH D <SIL> HH OW P S EH D D EY V IH D <SIL> L IH N T AH N W IH DH AH S AW N D L AY K <SIL> AH S N AO R T <SIL> AH V <SIL> R AE TH <SIL>	0
librilm-9929	librilm	140	<SIL> AH B EH T ER AO L T ER K UH D <SIL> N AA T HH AE V B IH N <SIL> S AH L EH K T AH D <SIL> IH N AO L DH AE T V AE S T R IY JH AH N <SIL>	0
librilm-9930	librilm	423	<SIL> AH B EH T ER AE N K AY N D ER W UH M AH N DH AE N M IH S IH Z <SIL> HH Y UW IH T Y UW W UH D AH N T F AY N D N AA T IH F Y UW W AA Z <SIL> T UW <SIL> W IH DH D IH F AH K AH L T IY DH AH S T R EY N JH ER AH B T EY N D AH F Y UW D IH T EY L Z AH V DH AH AO R AH JH AH N AH N D K AO R S <SIL> AH V <SIL> DH AH IH L N AH S D IH T EY L Z <SIL> HH OW L IY M IH S L IY D IH NG B AH T D IH V AY Z D T UW R IY AH SH UH R <SIL>	0
librilm-9931	librilm	211	<SIL> AH B EH T ER AE NG K ER AH JH <SIL> DH AE N <SIL> DH IH S P AA R T AH V DH AH <SIL> K OW S T AH F AO R D AH D HH AE V IH NG B IH N F AW N D DH AH <SIL> SH IH P <SIL> B R AO T <SIL> AH P <SIL> HH IY R <SIL>	0
librilm-9932	librilm	147	<SIL> AH B EH T ER AH N D <SIL> B OW L D ER <SIL> K AA R D P L EY ER DH AE N L AO R D B EH L IH NG ER N EH V ER <SIL> HH EH L D AH T R AH M P <SIL>	0
librilm-9933	librilm	164	<SIL> AH <SIL> B EH T ER <SIL> AH N D M AO R K R IH S CH AH N <SIL> M AE N S K EH R S L IY EH V ER B R IY DH D <SIL> DH AE N <SIL> JH OW S AH F AE D AH S AH N <SIL>	0
librilm-9934	librilm	98	<SIL> AH <SIL> B EH T ER AH N D M AO R K AH N S IH S T AH N T W UH M AH N N EH V ER L AY V D <SIL>	0
librilm-9935	librilm	442	<SIL> AH B EH T ER <SIL> AH N D M AO R AA N ER AH B AH L <SIL> AO F ER IH NG IH Z M EY D T UW AW ER M AE S T ER <SIL> IH N M IH N AH S T R IY T UW DH AH <SIL> P UH R IH N IH K S T EH N D IH NG DH AH N AA L AH JH AH V HH IH Z N EY M IH N <SIL> DH AH P R AE K T AH S AH V DH AH V ER CH UW Z <SIL> B AY W IH CH DH AE T N EY M <SIL> IH Z HH AE L OW D <SIL> DH AE N IH N M AH T IH R IY AH L P R EH Z AH N T S T UW <SIL> HH IH Z T EH M P AH L <SIL>	0
librilm-9936	librilm	555	<SIL> AH B EH T ER AH N D M AO R <SIL> S P IY D IY P L AE N W UH D P ER HH AE P S <SIL> HH AE V B IH N T UW <SIL> S IY K <SIL> AW T <SIL> W AH N AH V Z UW M AH L AA K S W AA R OW Z EY D Z D IY <SIL> K AE M P R IH L EY T T UW HH IH M HH IH Z R IY S AH N T <SIL> AE D V EH N CH ER Z P R OW D UW S R IY T AH Z <SIL> L EH T ER IH N K ER AO B ER EY SH AH N <SIL> AH V HH IH Z V ER AE S IH T IY <SIL> AH N D R IH K W EH S T HH IH M <SIL> T UW F AO R W ER D IH T AO R P R AH V AY D <SIL> HH IH M W IH DH AH <SIL> HH AO R S T UW T EY K IH T HH IH M S EH L F <SIL>	0
librilm-9937	librilm	142	<SIL> AH B EH T ER AH N D <SIL> W AY Z ER P R IH N S SH AE L ER AY Z HH UW SH AE L R IH S T AO R P R AA S P EH R AH T IY T UW JH UW D AH <SIL>	0
librilm-9938	librilm	453	<SIL> AH B EH T ER AE N S ER IH Z DH AE T DH AH <SIL> K AO R T <SIL> HH AE Z B IH F AO R HH AE N D S T R AO NG P R IY Z AH M P T IH V EH V AH D AH N S <SIL> AH V DH AH K R AY M <SIL> AH N D DH AE T AH P R IH Z AH N ER IH Z N AA T P UH T T UW DH AH T AO R CH ER AH N T IH L IH T HH AE Z B IH N <SIL> W EH L <SIL> AE S ER T EY N D <SIL> B AY T EH S T AH M OW N IY AH B T EY N D EH L S W EH R DH AE T <SIL> HH IY IH Z AH G R EY T <SIL> AH F EH N D ER <SIL>	0
librilm-9939	librilm	151	<SIL> AH B EH T ER AE N T IH D OW T T UW DH AH S T OW N W IH DH IH N P EH R IH S IH Z T UW B IY <SIL> F AW N D IH N DH AH S T OW N ER AW N D IH T <SIL>	0
librilm-9940	librilm	139	<SIL> AH <SIL> B EH T ER AH P AA L AH JH IY L AY Z IH N DH AH <SIL> T EH K S T AH P R EH SH AH N M AE K IH TH AH W AY Z M AE N M AE D <SIL>	0
librilm-9941	librilm	355	<SIL> AH B EH T ER <SIL> AH P AA L AH JH IY M EY <SIL> B IY F AW N D <SIL> IH N DH AH <SIL> IH M AH T EY T IH NG DH AH <SIL> K AH N F EH SH AH N AH V <SIL> AA N AH S T B EH N AH D IH K T DH AE T W EH N <SIL> HH IY S EH D <SIL> HH IY W UH D D AY AH B AE CH AH L ER HH IY D IH D N AA T TH IH NG K HH IY <SIL> SH UH D L AY V <SIL> T UW B IY M EH R IY D <SIL>	0
librilm-9942	librilm	303	<SIL> AH B EH T ER AH P OY N T AH D AA R M IY K AH N S IH S T IH NG AH V DH AH V EH R IY F L AW ER AH V SH IH V AH L R IY <SIL> AH V Y UH R AH P HH AE D IH N DH AH <SIL> M IY N T AY M <SIL> AH S EH M B AH L D T UW <SIL> F AA L OW <SIL> DH AH S EY M P AE TH DH OW IH N AH D IH F ER AH N T M AE N ER <SIL>	0
librilm-9943	librilm	163	<SIL> AH B EH T ER <SIL> AA R G Y AH M AH N T IH N F EY V ER AH V <SIL> HH AA R T F ER D <SIL> IH Z DH AE T TH R IY <SIL> R EY L R OW D Z S EH N T ER DH EH R <SIL>	0
librilm-9944	librilm	106	<SIL> AH <SIL> B EH T ER <SIL> AA R M ER ER N EH V ER L EY D HH AE M ER <SIL> AA N <SIL> AE N V AH L <SIL>	0
librilm-9945	librilm	316	<SIL> AH B EH T ER AA R M IY M AE N <SIL> F AO R <SIL> M AE N P R AA B AH B L IY N EH V ER F EY S T AE N EH N AH M IY <SIL> DH AE N DH AH W AH N K AH M AE N D AH D B AY <SIL> JH EH N ER AH L T EY L ER IH N DH AH <SIL> ER L IY AH S T T UW EH N G EY JH M AH N T S AH V <SIL> DH AH M EH K S AH K AH N <SIL> W AO R <SIL>	0
librilm-9946	librilm	144	<SIL> AH B EH T ER AA R T DH AE N <SIL> DH AE T AH V IY JH AH P T <SIL> HH AE Z T EY K AH N F IH R AH N D K ER AH P SH AH N AW T AH V IH T <SIL>	0
librilm-9947	librilm	116	<SIL> AH <SIL> B EH T ER AH S AO R T IH D <SIL> K AH P AH L <SIL> Y UW <SIL> K UH D F AY N D <SIL> N OW W EH R <SIL>	0
librilm-9948	librilm	235	<SIL> AH B EH T ER AH T ER N IY F AO R DH AH P ER P AH S AH Z T UW W IH CH <SIL> HH IH Z <SIL> L AY F W AA Z D IH V OW T AH D <SIL> D IH D N AA T IH G Z IH S T <SIL> IH N <SIL> L AH N D AH N DH AE N M IH S T ER K AE M P D ER AW N <SIL>	0
librilm-9949	librilm	133	<SIL> AH B EH T ER B AA R G AH N W AA Z D R IH V AH N IH N <SIL> DH AH W IH R IY <SIL> S K W EH R DH AE N EH N IY W EH R EH L S <SIL>	0
librilm-9950	librilm	93	<SIL> AH B EH T ER <SIL> B EY S AH S <SIL> F AO R F R EH N D SH IH P K UH D N AA T B IY <SIL>	0
librilm-9951	librilm	112	<SIL> AH <SIL> B EH T ER B AE TH HH IY R <SIL> R IH T ER N D R OW L Z AH N D N AH TH IH NG T UW <SIL> P EY <SIL>	0
librilm-9952	librilm	64	<SIL> AH <SIL> B EH T ER B EH D <SIL> AY N EH V ER HH AE D <SIL>	0
librilm-9953	librilm	128	<SIL> AH <SIL> B EH T ER <SIL> B EH D <SIL> R AA K P R IH N S AH P AH L K AE N HH AA R D L IY <SIL> B IY IH M AE JH AH N D <SIL>	0
librilm-9954	librilm	331	<SIL> AH <SIL> B EH T ER B IH G IH N IH NG K UH D N AA T B IY M EY D DH AE N <SIL> W IH DH <SIL> DH AH <SIL> HH IH R OW Z AH V HH OW M S T EH D AH N D <SIL> IH T IH Z AH S P EH SH L IY F IH T IH NG DH AE T DH AH F ER S T <SIL> IH M P AH T AH S SH UH D B IY G IH V AH N IH N K AH N EH K SH AH N W IH DH DH IH S HH IH S T ER IY <SIL>	0
librilm-9955	librilm	75	<SIL> AH B EH T ER B IH HH EY V D L AE D <SIL> D AH Z AH N T S T EH P <SIL>	0
librilm-9956	librilm	110	<SIL> AH B EH T ER B AA D IY AH V HH EH L P ER Z K UH D S K EH R S L IY B IY G AA T AH N T AH G EH DH ER <SIL>	0
librilm-9957	librilm	94	<SIL> AH <SIL> B EH T ER B UH K F AO R <SIL> B OY Z HH AE Z N EH V ER B IH N R IH T AH N <SIL>	0
librilm-9958	librilm	86	<SIL> AH B EH T ER B UH K <SIL> DH AE N AY SH AE L EH V ER R AY T W AA Z DH EH R <SIL>	0
librilm-9959	librilm	97	<SIL> AH B EH T ER B UH K <SIL> DH AE N <SIL> DH AH P R IH Z AH N ER AH V <SIL> Z EH N D AH <SIL>	0
librilm-9960	librilm	131	<SIL> AH B EH T ER B UH K DH AE N DH IH S AA N P EH R IH S IH N T AY M <SIL> HH AE Z N AA T CH AE N S T <SIL> IH N AW ER W EY <SIL>	0
librilm-9961	librilm	65	<SIL> AH <SIL> B EH T ER B AA T AH L DH AE N DH AH F ER S T <SIL>	0
librilm-9962	librilm	93	<SIL> AH B EH T ER B AW N D ER IY W UH D B IY <SIL> DH AH <SIL> R IH V ER IH T S EH L F <SIL>	0
librilm-9963	librilm	214	<SIL> AH B EH T ER B OY T UW <SIL> AE N <SIL> AW L D <SIL> F AA DH ER DH AE T S G UH D <SIL> F AO R N AH TH IH NG <SIL> N AW <SIL> IH N DH IH S W ER L D <SIL> N EH V ER W AA Z P L EY Z Y AO R <SIL> HH AH N ER <SIL>	0
librilm-9964	librilm	249	<SIL> AH <SIL> B EH T ER B R EY V ER S OW L JH ER <SIL> AO R AH <SIL> M AO R F EY TH F AH L F R EH N D N OW <SIL> M AE N EH V ER <SIL> N UW DH AE N CH AA R L Z <SIL> D IY N T R UW P <SIL> AH <SIL> S IH K S TH M IH SH IH G AH N K AE V AH L R IY <SIL>	0
librilm-9965	librilm	33	<SIL> AH B EH T ER B R EY K <SIL>	0
librilm-9966	librilm	255	<SIL> AH B EH T ER B R AY T ER <SIL> B OY N EH V ER <SIL> D R UW B R EH TH HH IY S ER V D Y UW F EY TH F AH L <SIL> AE Z DH AH <SIL> D EY W AA Z L AO NG <SIL> AH N D Y UW T R IY T AH D <SIL> HH IH M SH EY M F AH L <SIL> W ER S AH N <SIL> AH S L EY V <SIL>	0
librilm-9967	librilm	197	<SIL> AH <SIL> B EH T ER B R AH DH ER <SIL> N EH V ER L AY V D B AH T <SIL> HH IY <SIL> M EY <SIL> HH AE V B IH N <SIL> T UW R EH D IY T UW F AO L IH N W IH DH AH DH ER P IY P AH L Z V Y UW Z <SIL>	0
librilm-9968	librilm	187	<SIL> AH B EH T ER B R AO T AH P B EH T ER D IH S P OW Z D <SIL> Y UW TH DH AE N Y UW W ER W IH DH <SIL> AH HH AY ER S EH N S AH V <SIL> HH AH N ER <SIL> K UH D N AA T B IY F AW N D <SIL>	0
librilm-9969	librilm	97	<SIL> AH B EH T ER <SIL> K AE P T AH N D OW N T W AO K DH AH D EH K <SIL> Y AO R HH AH N ER <SIL>	0
librilm-9970	librilm	157	<SIL> AH B EH T ER K AE P T AH N T UW L EH D AH B EH T ER <SIL> S OW L JH ER T UW S T R AY K W IH DH DH AH <SIL> S AO R D <SIL> AY N EH V ER <SIL> S AO <SIL>	0
librilm-9971	librilm	40	<SIL> AH <SIL> B EH T ER CH AE N S <SIL>	0
librilm-9972	librilm	144	<SIL> AH B EH T ER CH AE N S AH W EY T S <SIL> DH IY <SIL> SH IY M IY T S DH AH <SIL> F OW M IY T S W EH N SH AE L SH IY <SIL> R IH T ER N <SIL>	0
librilm-9973	librilm	141	<SIL> AH <SIL> B EH T ER CH AE N S <SIL> F AO R AH <SIL> SH AA T K UH D <SIL> HH AA R D L IY HH AE V <SIL> B IH N AE S K T <SIL> F AO R <SIL>	0
librilm-9974	librilm	561	<SIL> AH B EH T ER <SIL> CH AE N S F AO R <SIL> HH IH Z P AW ER Z <SIL> AH K ER D <SIL> IH N DH AH AH S EH M B L IY AH V <SIL> DH AE T Y IH R IH N K AH N EH K SH AH N W IH DH AH P L ER AE L IH T IY K EY S W EH R <SIL> DH AH W AH N D ER F AH L D IH S P L EY AH V HH IH Z T AE L AH N T S K AH N T R IH B Y UW T IH D M AH CH T UW DH AH P AE S IH NG AH V AE N EH N AE K T M AH N T DH AE T N OW P R AH F EH S ER SH IH P IH N <SIL> AH Y UW N AH V ER S AH T IY <SIL> SH UH D <SIL> B IY HH EH L D IH N K AH N EH K SH AH N W IH DH <SIL> AH K AH N T R IY CH AA R JH <SIL>	0
librilm-9975	librilm	76	<SIL> AH B EH T ER CH AE N S F AO R Y UW <SIL> IH Z <SIL> K AH M IH NG <SIL>	0
librilm-9976	librilm	56	<SIL> AH B EH T ER <SIL> CH AE N S <SIL> M EH R IY <SIL>	0
librilm-9977	librilm	154	<SIL> AH B EH T ER CH AE N S S EH D M IH S T ER HH Y UW M <SIL> G R IH M L IY DH AE N <SIL> W IY HH AE V AH V K AE CH IH NG <SIL> DH AH OW K AA P IY <SIL>	0
librilm-9978	librilm	316	<SIL> AH B EH T ER <SIL> CH AE N S DH AH B AE L AH W EY N K AH N T IH N Y UW D AH V DH AH F Y UW P L EY S AH Z OW P AH N IH N DH AH AY L AH N D DH AE N IH F <SIL> HH IY W ER B R AO T AH P AE T DH AH M AE NG K S <SIL> B AA R OW N L IY W IH CH <SIL> W UH D K AA S T M IY L EH S DH AE N HH AE F <SIL> AE Z M AH CH <SIL>	0
librilm-9979	librilm	286	<SIL> AH B EH T ER K EH R IH K T ER HH AE Z <SIL> B IH N G IH V AH N T UW DH AH R EH G Y AH L ER T R UW P S <SIL> F AO R <SIL> DH EH R IH N D EH V ER Z T UW <SIL> D IH S P ER S DH AH P IY P AH L <SIL> W IH TH AW T <SIL> W UW N D IH NG AO R AH DH ER W AY Z IH N JH ER IH NG DH EH M <SIL>	0
librilm-9980	librilm	129	<SIL> AH B EH T ER CH AY L D N EH V ER B R IY DH D <SIL> S EH D D AO L T AH N D R IH NG K IH NG AO F <SIL> HH IH Z G L AE S <SIL>	0
librilm-9981	librilm	145	<SIL> AH B EH T ER <SIL> S IH T AH Z AH N D AH Z N AA T IH G Z IH S T AH N D <SIL> AW ER F R EH N D SH IH P HH AE Z N EH V ER F AA L T ER D <SIL>	0
librilm-9982	librilm	306	<SIL> AH B EH T ER K L EY M <SIL> M AY T B IY <SIL> R EY Z D AH P IH N Y AO R G R EY S IH Z <SIL> OW N <SIL> P ER S AH N S EH D DH AH ER L <SIL> AH V AA K S F ER D IH F Y UW <SIL> W IH L AH F AO R D M AA R G ER IH T <SIL> AH V <SIL> AE N JH UW DH AH <SIL> S UW K AO R SH IY R IY K W AY ER Z B AY M IY <SIL>	0
librilm-9983	librilm	222	<SIL> AH B EH T ER K L AE S AH V M EH N S IY M T UW <SIL> B IY JH OY N IH NG <SIL> DH AH K AH L ER Z DH IY Z D EY Z AH N D DH EY AA R K AO L IH NG DH EH R <SIL> D IH F AE M ER Z T UW AH S T R IH K T AH K AW N T IH NG <SIL>	0
librilm-9984	librilm	341	<SIL> AH <SIL> B EH T ER K L AE S AH F AH K EY SH AH N B EY S T AA N <SIL> M AO R K EH R F AH L S T AH D IY AH V DH AH HH IH S T ER IY AH V DH AH IH NG G L IH SH V ER B <SIL> D IH V AY D Z <SIL> V ER B Z <SIL> IH N T UW DH OW Z AH V <SIL> DH AH W IY K AH N D <SIL> DH OW Z AH V <SIL> DH AH <SIL> S T R AO NG K AA N JH AH G EY SH AH N Z <SIL>	0
librilm-9985	librilm	454	<SIL> AH <SIL> B EH T ER K L AE S AH F AH K EY SH AH N IH Z IH N T UW DH AH S OW SH AH L <SIL> IH N K L UW D IH NG <SIL> G UH D W IH L L AH V AH V R EH P Y AH T EY SH AH N D IH Z AY ER <SIL> AH V <SIL> AE M IH T IY R IH L IH JH AH N D IH S OW SH AH L D IH S P L EH ZH ER S EH L F R AH G AA R D IH NG F IH Z IH K AH L D IH Z AY ER P EH K Y UW N IY EH R IY IH N T R AH S T L AH V <SIL> AH V <SIL> P AW ER <SIL> S EH L F <SIL> P R EH Z ER V EY SH AH N <SIL>	0
librilm-9986	librilm	269	<SIL> AH B EH T ER <SIL> K AH M IY D IY AH N Y UW M EY B IY B AH T HH IY HH AE Z N AA T Y AO R <SIL> S K R UW P AH L Z Y AO R S EH N S AH T IH V N AH S AH N D IH Z DH EH R F AO R M AO R <SIL> D EH K S T ER AH S AE T D R AO IH NG DH AH K R AW D Z AH T EH N SH AH N <SIL>	0
librilm-9987	librilm	237	<SIL> AH B EH T ER K AH M AE N D ER AY D N EH V ER D IH Z AY ER T UW <SIL> S ER V AH N D HH UW N OW Z B AH T AY <SIL> M EY <SIL> HH EH L P T UW S EH T <SIL> AH P DH AY <SIL> S T AE N D IH NG R IH G IH NG IH N AH N AH DH ER W ER L D <SIL>	0
librilm-9988	librilm	789	<SIL> AH B EH T ER <SIL> K AA M EH N T K UH D N AA T <SIL> B IY M EY D AA N W AH T <SIL> IH Z R IY K W AY ER D T UW P ER F IH K T M AE N AH N D <SIL> P L EY S <SIL> HH IH M <SIL> IH N DH AE T <SIL> S UW P IH R IY ER P AH Z IH SH AH N F AO R <SIL> W IH CH <SIL> HH IY W AA Z D IH Z AY N D DH AE N <SIL> B AY DH AH IH N T ER P R IH T EY SH AH N AH V B EY K AH N <SIL> AH P AA N DH AH L EH JH AH N D Z <SIL> AH V <SIL> DH AH S IH R AH N <SIL> K OW S T W EH N DH AH W AY Z Y UW L IH S IY Z P AE S T S EH Z HH IY HH IY <SIL> K AA Z D HH IH Z M EH R AH N ER Z <SIL> T UW <SIL> S T AA P <SIL> DH EH R <SIL> IH R Z W IH DH <SIL> W AE K S N OW IH NG DH EH R W AA Z IH N DH EH M N OW <SIL> P AW ER <SIL> T UW R IH Z IH S T <SIL> DH AH L UH R <SIL> AH V DH AE T V AH L AH P CH AH W AH S S AO NG <SIL>	0
librilm-9989	librilm	315	<SIL> AH B EH T ER K AH M P AE N Y AH N DH AE N HH ER <SIL> W AY T K IH T AH N <SIL> AO R HH ER <SIL> F EY V ER IH T <SIL> N IH R OW <SIL> AO R <SIL> IY V IH N <SIL> HH ER <SIL> F EY TH F AH L F R EH N D P IY EH R DH AH S EY N T B ER N AA R D AA K Y AH P AY D DH AH AH DH ER V EH L V AH T R AA K IH NG CH EH R <SIL>	0
librilm-9990	librilm	155	<SIL> AH B EH T ER K AH M P EH R AH S AH N IH Z DH AE T W IH CH M IH S T ER G AA S HH AE Z <SIL> M EY D W IH DH S IH D N IY D OW B AH L Z B AO L D ER <SIL>	0
librilm-9991	librilm	227	<SIL> AH B EH T ER K AH N S EH P SH AH N AH V L AE NG G W AH JH K UH D N AA T HH AE V B IH N <SIL> F AO R M D <SIL> IH N P L EY T OW Z EY JH DH AE N DH AE T W IH CH HH IY AE T R IH B Y UW T S T UW <SIL> S AA K R AH T IY Z <SIL>	0
librilm-9992	librilm	130	<SIL> AH <SIL> B EH T ER <SIL> K AH N D IH SH AH N <SIL> AH V <SIL> TH IH NG Z N AW <SIL> P R IY Z EH N T AH D IH T S EH L F <SIL>	0
librilm-9993	librilm	99	<SIL> AH B EH T ER K AH N D AH K T ER SH IY K UH D <SIL> N AA T <SIL> HH AE V <SIL> W IH SH T <SIL>	0
librilm-9994	librilm	168	<SIL> AH B EH T ER K AH N D AH K T ER <SIL> W UH D B IY DH AH M EH T AH L <SIL> K AH V ER IH NG AH V DH AH R UW F W EH N S AH CH M AH T IH R IY AH L IH Z Y UW Z D <SIL>	0
librilm-9995	librilm	463	<SIL> AH B EH T ER K AA N S T AH T UW T AH D <SIL> B OY <SIL> W UH D S ER T AH N L IY HH AE V P R AA F AH T AH D AH N D ER M AY IH N T EH L AH JH AH N T T UW T ER Z W IH DH DH EH R S AY AH N T IH F IH K AE P ER AE T AH S AH N D W UH D D AW T L AH S HH AE V F AW N D DH AH F AH N AA M AH N AH AH V IH L EH K T R IH S AH T IY AH N D M AE G N AH T IH Z AH M <SIL> AE Z F AE S AH N EY T IH NG AE Z AY <SIL> W AA Z EH V ER IY TH ER Z D EY AH SH UH R D DH EY W ER <SIL>	0
librilm-9996	librilm	81	<SIL> AH B EH T ER K AH N T R IY <SIL> F AO R HH IH M <SIL> DH AE N DH IH S <SIL>	0
librilm-9997	librilm	415	<SIL> AH <SIL> B EH T ER K AH N T R IY W AA Z R IY CH T AE Z <SIL> W IY N IH R D DH AH R IH V ER AH N D IH T <SIL> W AA Z AH <SIL> P L EH Z AH N T S AY T T UW S IY DH AH T AH M B AH L IH NG S T R IY M <SIL> AH V <SIL> DH AH <SIL> L EH S ER T UW G EY L AH AH N D T UW <SIL> F AY N D <SIL> IH N W AH N <SIL> V AE L IY DH AH P R IY T AH N S AH V AH G AA R D AH N <SIL> AH N D AH HH AW S AH M AH NG <SIL> T R IY Z <SIL>	0
librilm-9998	librilm	370	<SIL> AH B EH T ER K AO R S <SIL> AE T DH AH R IH NG K UH D N AA T <SIL> B IY R AH N DH AE N <SIL> S ER <SIL> JH AO S L IH N HH AE TH <SIL> P ER F AO R M D <SIL> N AO R K UH D G R EY T ER <SIL> V AE N T AH JH B IY G EY N D <SIL> IH N DH AH <SIL> JH AW S T S DH AE N HH IY HH AE TH AH B T EY N D <SIL> OW V ER <SIL> DH AH <SIL> M AA R K IY AH V B AH K IH NG HH AE M <SIL>	0
